{
  "project_info": {
    "project_number": "673426277860",
    "project_id": "mahrosfelguc",
    "storage_bucket": "mahrosfelguc.appspot.com"
  },
  "client": [
    {
      "client_info": {
        "mobilesdk_app_id": "1:673426277860:android:a6e52554fcb42ae2f033f1",
        "android_client_info": {
          "package_name": "com.example.mahrosfelguc"
        }
      },
      "oauth_client": [],
      "api_key": [
        {
          "current_key": "AIzaSyD74FOvRmTFXVKYbjnKbvepvFK6rUksNVo"
        }
      ],
      "services": {
        "appinvite_service": {
          "other_platform_oauth_client": []
        }
      }
    }
  ],
  "configuration_version": "1"
}